{"cameraMode":{"drawMode":0,"name":"Shaded","section":"Shading Mode"},"sceneLighting":true,"audioPlay":false,"sceneViewState":{"showFog":true,"showMaterialUpdate":true,"showSkybox":true,"showFlares":true,"showImageEffects":true,"showParticleSystems":true},"in2DMode":false,"pivot":{"x":1.7993040084838868,"y":-0.3744831085205078,"z":13.263280868530274},"rotation":{"x":0.19194042682647706,"y":-0.2794168293476105,"z":0.056170448660850528,"w":0.9393072724342346},"size":8.79235553741455,"orthographic":false}