{"cameraMode":{"drawMode":0,"name":"Shaded","section":"Shading Mode"},"sceneLighting":false,"audioPlay":false,"sceneViewState":{"showFog":true,"showMaterialUpdate":true,"showSkybox":false,"showFlares":true,"showImageEffects":true,"showParticleSystems":true},"in2DMode":false,"pivot":{"x":2.256622314453125,"y":0.0,"z":0.7545830011367798},"rotation":{"x":0.3380137085914612,"y":0.17639237642288209,"z":-0.06472168862819672,"w":0.9222782254219055},"size":3.4447131156921388,"orthographic":false}