{"cameraMode":{"drawMode":0,"name":"Shaded","section":"Shading Mode"},"sceneLighting":false,"audioPlay":false,"sceneViewState":{"showFog":true,"showMaterialUpdate":true,"showSkybox":false,"showFlares":true,"showImageEffects":true,"showParticleSystems":true},"in2DMode":false,"pivot":{"x":2.566115379333496,"y":1.0552940368652344,"z":2.4428939819335939},"rotation":{"x":-0.1837403029203415,"y":-0.01415738370269537,"z":0.0026468283031135799,"w":-0.9828724265098572},"size":7.071067810058594,"orthographic":false}