{"cameraMode":{"drawMode":0,"name":"Shaded","section":"Shading Mode"},"sceneLighting":true,"audioPlay":false,"sceneViewState":{"showFog":true,"showMaterialUpdate":true,"showSkybox":true,"showFlares":true,"showImageEffects":true,"showParticleSystems":true},"in2DMode":false,"pivot":{"x":0.4314556121826172,"y":2.7508087158203127,"z":6.723733901977539},"rotation":{"x":0.27508068084716799,"y":-0.07494109123945236,"z":0.019593993201851846,"w":0.9586034417152405},"size":9.335125923156739,"orthographic":false}