{"cameraMode":{"drawMode":0,"name":"Shaded","section":"Shading Mode"},"sceneLighting":true,"audioPlay":false,"sceneViewState":{"showFog":true,"showMaterialUpdate":true,"showSkybox":true,"showFlares":true,"showImageEffects":true,"showParticleSystems":true},"in2DMode":false,"pivot":{"x":-0.29114723205566409,"y":2.6838765144348146,"z":6.769314289093018},"rotation":{"x":0.27513206005096438,"y":-0.07848481833934784,"z":0.019370295107364656,"w":0.9584043025970459},"size":8.644685745239258,"orthographic":false}