{"cameraMode":{"drawMode":0,"name":"Shaded","section":"Shading Mode"},"sceneLighting":false,"audioPlay":false,"sceneViewState":{"showFog":true,"showMaterialUpdate":true,"showSkybox":false,"showFlares":true,"showImageEffects":true,"showParticleSystems":true},"in2DMode":false,"pivot":{"x":3.736574172973633,"y":-0.13458681106567384,"z":1.1425223350524903},"rotation":{"x":0.26063272356987,"y":0.06653610616922379,"z":-0.018081560730934144,"w":0.9630401730537415},"size":7.071067810058594,"orthographic":false}