{"cameraMode":{"drawMode":0,"name":"Shaded","section":"Shading Mode"},"sceneLighting":true,"audioPlay":false,"sceneViewState":{"showFog":true,"showMaterialUpdate":true,"showSkybox":true,"showFlares":true,"showImageEffects":true,"showParticleSystems":true},"in2DMode":false,"pivot":{"x":0.03918027877807617,"y":2.775815010070801,"z":6.323634147644043},"rotation":{"x":0.14351512491703034,"y":-0.2175210416316986,"z":0.030955899506807329,"w":0.9651898741722107},"size":10.263640403747559,"orthographic":false}