{"cameraMode":{"drawMode":0,"name":"Shaded","section":"Shading Mode"},"sceneLighting":true,"audioPlay":false,"sceneViewState":{"showFog":true,"showMaterialUpdate":true,"showSkybox":true,"showFlares":true,"showImageEffects":true,"showParticleSystems":true},"in2DMode":false,"pivot":{"x":4.343804836273193,"y":5.001075267791748,"z":7.795583724975586},"rotation":{"x":0.32128649950027468,"y":-0.14076344668865205,"z":0.045290280133485797,"w":0.9357523918151856},"size":8.768607139587403,"orthographic":false}