{"cameraMode":{"drawMode":0,"name":"Shaded","section":"Shading Mode"},"sceneLighting":false,"audioPlay":false,"sceneViewState":{"showFog":true,"showMaterialUpdate":true,"showSkybox":false,"showFlares":true,"showImageEffects":true,"showParticleSystems":true},"in2DMode":false,"pivot":{"x":2.359999895095825,"y":-1.6799999475479127,"z":2.2100000381469728},"rotation":{"x":0.28654247522354128,"y":0.33272191882133486,"z":-0.10694189369678498,"w":0.8921193480491638},"size":0.7071067690849304,"orthographic":false}